ID,Campo,Descrizione_breve,Brief_description,Descrizione,Description,URI,Unit,Unit_EN,Unit_IT,Broader_ID,Tipo,Type
1,PRO_COM,COD_Comune,Municipality_ID,Codice Istat Comunale,Municipality_ID,PRO_COM,,-,-,,Descrizione/classificazione ambito amministrativo,Description/classification of administrative unit
2,NOME_Comune,NOME_Comune,Municipality_name,Nome del Comune,Municipality_name,NOME_Comune,,-,-,,Descrizione/classificazione ambito amministrativo,Description/classification of administrative unit
3,COD_PROV,COD_Provincia,Province_ID,Codice Istat Provinciale,Province_ID,COD_PRO,,-,-,,Descrizione/classificazione ambito amministrativo,Description/classification of administrative unit
4,NOME_Provincia,NOME_Provincia,Province_name,Nome della Provincia,Province_name,NOME_Regione,,-,-,,Descrizione/classificazione ambito amministrativo,Description/classification of administrative unit
5,COD_REG,COD_Regione,Region_ID,Codice Istat Regionale,Region_ID,COD_REG,,-,-,,Descrizione/classificazione ambito amministrativo,Description/classification of administrative unit
6,NOME_Regione,NOME_Regione,Region_name,Nome della Regione,Region_name,NOME_Provincia,,-,-,,Descrizione/classificazione ambito amministrativo,Description/classification of administrative unit
7,CSUOLO1,Suolo_consumato_[ha],Consumed_land,Superficie di suolo consumato [ha],Consumed land in hectares,CSUOLO1,ha,Hectare,Ettaro,CSUOLO,Consumo di suolo,land consumption
8,CSUOLO2,Suolo_non_consumato_[ha],Not_consumed_land,Superficie di suolo non consumato [ha],Not consumed land in hectares,CSUOLO2,ha,Hectare,Ettaro,CSUOLO,Consumo di suolo,land consumption
9,CSUOLO4,Suolo_consumato_[%],Consumed_land_in_%,Percentuale di suolo consumato sulla superficie amministrativa [%],Consumed land in % of the administrative unit area,CSUOLO4,%,Percentage,Percentuale,CSUOLO,Consumo di suolo,land consumption
10,CSUOLO5,Non_consumato_[%],Not_consumed_land_in_%,Percentuale di suolo non consumato sulla superficie amministrativa  [%],Not consumed land in % of the administrative unit area,CSUOLO5,%,Percentage,Percentuale,CSUOLO,Consumo di suolo,land consumption
11,CSUOLO8,Incremento_consumato_[ha],Consumed_increase_[ha],Incremento di suolo consumato rispetto al periodo precedente (consumo di suolo netto) [ha],Increase of consumed land in hectares,CSUOLO8,ha,Hectare,Ettaro,CSUOLO,Consumo di suolo,land consumption
12,CSUOLO9,Densita_consumo_[m2/ha],Consumed_density_[m2/ha],Densita di consumo di suolo [m2] rispetto all'area totale [ha],Density of consumed land [m2] over total area [ha],CSUOLO9,m2/ha,Square metres per hectare,Mettri quadri per ettaro,CSUOLO,Consumo di suolo,land consumption
13,CSUOLO10,Incremento_lordo_consumato_[ha],Gross_consumed_increase_[ha],"Incremento di suolo consumato al lordo delle aree ripristinate, rispetto al periodo precedente (consumo di suolo) [ha]",Gross increase of consumed land in hectares,CSUOLO10,ha,Hectare,Ettaro,CSUOLO,Consumo di suolo,land consumption
14,CAREEP1,Non_consumato_in_EUAP_[ha],Not_consumed_in_EUAP,Superficie di suolo non consumato all'interno delle aree EUAP (Elenco Ufficiale delle Aree Protette Italiane) [ha],Not consumed land in protected areas in hectares,CAREEP1,ha,Hectare,Ettaro,CAREEP,Consumo di suolo in aree protette,land consumption in protected areas
15,CAREEP2,Consumato_in_EUAP_[ha],Consumed_in_EUAP,Superficie di suolo consumato all'interno delle aree EUAP (Elenco Ufficiale delle Aree Protette Italiane) [ha],Consumed land in protected areas in hectares,CAREEP2,ha,Hectare,Ettaro,CAREEP,Consumo di suolo in aree protette,land consumption in protected areas
16,CCIDRI1,Non_consumato_in_150m_corpi_idrici_[ha],Not_consumed_land_in_150m_rivers,Superficie di suolo non consumato all'interno di una fascia di 150 metri di distanza dai corpi idrici permanenti [ha],Not consumed land in 150 meters river buffer zones  in hectares,CCIDRI1,ha,Hectare,Ettaro,CCIDRI,Consumo di suolo e corpi idrici,land consumption in river buffer zones
17,CCIDRI2,Consumato_in_150m_corpi_idrici_[ha],Consumed_land_in_150m_rivers,Superficie di suolo consumato all'interno di una fascia di 150 metri di distanza dai corpi idrici permanenti [ha],Consumed land in 150 meters river buffer zones  in hectares,CCIDRI2,ha,Hectare,Ettaro,CCIDRI,Consumo di suolo e corpi idrici,land consumption in river buffer zones
18,CCIDRI4,Consumato_in_150m_corpi_idrici_[%],Consumed_land_in_150m_rivers_in_%,Percentuale di suolo consumato entro 150 metri di distanza dai corpi idrici permanenti sulla superficie della fascia [%],Consumed land in 150 meters river buffer zones  in %,CCIDRI4,%,Percentage,Percentuale,CCIDRI,Consumo di suolo e corpi idrici,land consumption in river buffer zones
19,CCIDRI5,Consumato_oltre_150m_corpi_idrici_[%],Not_consumed_land_out_of_150m_rivers_in_%,Percentuale di suolo consumato oltre 150 metri di distanza dai corpi idrici permanenti sulla superficie della fascia [%],Not consumed land out of 150 meters river buffer zones  in %,CCIDRI5,%,Percentage,Percentuale,CCIDRI,Consumo di suolo e corpi idrici,land consumption in river buffer zones
20,CALTIM1,Consumato_0-300m_quota [ha],Consumed_land_in_0-300m_a.s.l.,Superficie di suolo consumato all'interno di una fascia tra 0 e 300 metri di quota [ha],Consumed land in 0-300 meters a.s.l. in hectares,CALTIM1,ha,Hectare,Ettaro,CALTIM,Consumo di suolo per classi altimetriche e di pendenza,land consumption for elevation and slope classes
21,CALTIM2,Consumato_300-600m_quota [ha],Consumed_land_in_300-600m_a.s.l.,Superficie di suolo consumato all'interno di una fascia tra 300 e 600 metri di quota [ha],Consumed land in 300-600 meters a.s.l. in hectares,CALTIM2,ha,Hectare,Ettaro,CALTIM,Consumo di suolo per classi altimetriche e di pendenza,land consumption for elevation and slope classes
22,CALTIM3,Consumato_oltre_600m_quota [ha],Consumed_land_over_600m_a.s.l.,Superficie di suolo consumato oltre 600 metri di quota [ha],Consumed land over 600 meters a.s.l. in hectares,CALTIM3,ha,Hectare,Ettaro,CALTIM,Consumo di suolo per classi altimetriche e di pendenza,land consumption for elevation and slope classes
23,CALTIM4,Non consumato_0-300m_quota [ha],Not_consumed_land_in_0-300m_a.s.l.,Superficie di suolo non  consumato all'interno di una fascia tra 0 e 300 metri di quota [ha],Not consumed land in 0-300 meters a.s.l. in hectares,CALTIM4,ha,Hectare,Ettaro,CALTIM,Consumo di suolo per classi altimetriche e di pendenza,land consumption for elevation and slope classes
24,CALTIM5,Non consumato_300-600m_quota [ha],Not_consumed_land_in_300-600m_a.s.l.,Superficie di suolo non consumato all'interno di una fascia tra 300 e 600 metri di quota [ha],Not consumed land in 300-600 meters a.s.l. in hectares,CALTIM5,ha,Hectare,Ettaro,CALTIM,Consumo di suolo per classi altimetriche e di pendenza,land consumption for elevation and slope classes
25,CALTIM6,Non consumato_oltre_600m_quota [ha],Not_consumed_land_over_600m_a.s.l.,Superficie di suolo nonconsumato oltre 600 metri di quota [ha],Npt consumed land over 600 meters a.s.l. in hectares,CALTIM6,ha,Hectare,Ettaro,CALTIM,Consumo di suolo per classi altimetriche e di pendenza,land consumption for elevation and slope classes
26,CALTIM7,Consumato_0-300m_quota [%],Consumed_land_in_0-300m_a.s.l._in_%,Percentuale di suolo consumato all'interno di una fascia tra 0 e 300 metri di quota sulla superficie della fascia [%],Consumed land in 0-300 meters a.s.l. in %,CALTIM7,%,Percentage,Percentuale,CALTIM,Consumo di suolo per classi altimetriche e di pendenza,land consumption for elevation and slope classes
27,CALTIM8,Consumato_300-600m_quota [%],Consumed_land_in_300-600m_a.s.l._in_%,Percentuale di suolo consumato all'interno di una fascia tra 300 e 600 metri di quota sulla superficie della fascia [%],Consumed land in 300-600 meters a.s.l. in %,CALTIM8,%,Percentage,Percentuale,CALTIM,Consumo di suolo per classi altimetriche e di pendenza,land consumption for elevation and slope classes
28,CALTIM9,Consumato_oltre_600m_quota [%],Consumed_land_over_600m_a.s.l._in_%,Percentuale di suolo consumato oltre 600 metri di quota sulla superficie della fascia [%],Consumed land over 600 meters a.s.l. in %,CALTIM9,%,Percentage,Percentuale,CALTIM,Consumo di suolo per classi altimetriche e di pendenza,land consumption for elevation and slope classes
29,CALTIM10,Consumato_0-10%_pendenza_[ha],Consumed_land_in_0-10_%_slope,Superficie di suolo consumato tra 0 e 10% di pendenza [ha],Consumed land in 0-10 % slope in hectares,CALTIM10,ha,Hectare,Ettaro,CALTIM,Consumo di suolo per classi altimetriche e di pendenza,land consumption for elevation and slope classes
30,CALTIM11,Consumato_oltre_10%_pendenza_[ha],Consumed_land_over_10_%_slope,Superficie di suolo consumato oltre 10% di pendenza [ha],Consumed land over 10 % slope in hectares,CALTIM11,ha,Hectare,Ettaro,CALTIM,Consumo di suolo per classi altimetriche e di pendenza,land consumption for elevation and slope classes
31,CALTIM12,Non consumato_0-10%_pendenza_[ha],Not_consumed_land_in_0-10_%_slope,Superficie di suolo non consumato tra 0 e 10% di pendenza [ha],Not consumed land in 0-10 % slope in hectares,CALTIM12,ha,Hectare,Ettaro,CALTIM,Consumo di suolo per classi altimetriche e di pendenza,land consumption for elevation and slope classes
32,CALTIM13,Non consumato_oltre_10%_pendenza_[ha],Not_consumed_land_over_10_%_slope,Superficie di suolo non consumato oltre 10% di pendenza [ha],Not consumed land over 10 % slope in hectares,CALTIM13,ha,Hectare,Ettaro,CALTIM,Consumo di suolo per classi altimetriche e di pendenza,land consumption for elevation and slope classes
33,CALTIM14,Consumato_0-10%_pendenza_[%],Consumed_land_in_0-10_%_slope_in_%,Percentuale di suolo consumato tra 0 e 10% di pendenza sulla superficie della fascia [%],Consumed land in 0-10 % slope in %,CALTIM14,%,Percentage,Percentuale,CALTIM,Consumo di suolo per classi altimetriche e di pendenza,land consumption for elevation and slope classes
34,CALTIM15,Consumato_oltre_10%_pendenza_[%],Consumed_land_over_10_%_slope_in_%,Percentuale di suolo consumato oltre 10% di pendenza sulla superficie della fascia [%],Consumed land over 10 % slope in %,CALTIM15,%,Percentage,Percentuale,CALTIM,Consumo di suolo per classi altimetriche e di pendenza,land consumption for elevation and slope classes
35,CCOSTE1,Non_consumato_in_0-300m_costa_[ha],Not_consumed_land_in_300m_from_shoreline,Superficie di suolo non consumato all'interno di una fascia tra a 0 e 300 metri dalla linea di costa [ha],Not consumed land in 300 meters from shoreline in hectares,CCOSTE1,ha,Hectare,Ettaro,CCOSTE,Consumo di suolo in fascia costiera,land consumption in coastal areas
36,CCOSTE2,Non_consumato_in_300-1000m_costa_[ha],Not_consumed_land_in_300-1000m_from_shoreline,Superficie di suolo non consumato all'interno di una fascia tra 300 e 1000 metri dalla linea di costa [ha],Not consumed land in 300-1000 meters from shoreline in hectares,CCOSTE2,ha,Hectare,Ettaro,CCOSTE,Consumo di suolo in fascia costiera,land consumption in coastal areas
37,CCOSTE3,Non_consumato_in_1000-10000m_costa_[ha],Not_consumed_land_in_1000-10000m_from_shoreline,Superficie di suolo non consumato all'interno di una fascia tra 1000 e 10000 metri dalla linea di costa [ha],Not consumed land in 1000-10000 meters from shoreline in hectares,CCOSTE3,ha,Hectare,Ettaro,CCOSTE,Consumo di suolo in fascia costiera,land consumption in coastal areas
38,CCOSTE4,Consumato_in_0-300m_costa_[ha],Consumed_land_in_300m_from_shoreline,Superficie di suolo consumato all'interno di una fascia tra 0 e 300 metri dalla linea di costa [ha],Consumed land in 300 meters from shoreline in hectares,CCOSTE4,ha,Hectare,Ettaro,CCOSTE,Consumo di suolo in fascia costiera,land consumption in coastal areas
39,CCOSTE5,Consumato_in_300-1000m_costa_[ha],Consumed_land_in_300-1000m_from_shoreline,Superficie di suolo consumato all'interno di una fascia tra 300 e 1000 metri dalla linea di costa [ha],Consumed land in 300-1000 meters from shoreline in hectares,CCOSTE5,ha,Hectare,Ettaro,CCOSTE,Consumo di suolo in fascia costiera,land consumption in coastal areas
40,CCOSTE6,Consumato_in_1000-10000m_costa_[ha],Consumed_land_in_1000-10000m_from_shoreline,Superficie di suolo consumato all'interno di una fascia tra 1000 e 10000 metri dalla linea di costa [ha],Consumed land in 1000-10000 meters from shoreline in hectares,CCOSTE6,ha,Hectare,Ettaro,CCOSTE,Consumo di suolo in fascia costiera,land consumption in coastal areas
41,CCOSTE7,Consumato_oltre_10000m_costa_[ha],Consumed_land_out_of_10000m_from_shoreline,Superficie di suolo consumato oltre 10000 metri dalla linea di costa [ha],Consumed land out of 10000 meters from shoreline in hectares,CCOSTE7,ha,Hectare,Ettaro,CCOSTE,Consumo di suolo in fascia costiera,land consumption in coastal areas
42,CCOSTE8,Consumato_in_0-300m_costa_[%],Consumed_land_in_300m_from_shoreline_in_%,Percentuale di suolo consumato all'interno di una fascia tra 0 e 300 metri dalla linea di costa sulla superficie della fascia [%],Consumed land in 300 meters from shoreline in %,CCOSTE8,%,Percentage,Percentuale,CCOSTE,Consumo di suolo in fascia costiera,land consumption in coastal areas
43,CCOSTE9,Consumato_in_300-1000m_costa_[%],Consumed_land_in_300-1000m_from_shoreline_in_%,Percentuale di suolo consumato all'interno di una fascia tra 300 e 1000 metri dalla linea di costa sulla superficie della fascia [%],Consumed land in 300-1000 meters from shoreline in %,CCOSTE9,%,Percentage,Percentuale,CCOSTE,Consumo di suolo in fascia costiera,land consumption in coastal areas
44,CCOSTE10,Consumato_in_1000-10000m_costa_[%],Consumed_land_in_1000-10000m_from_shoreline_in_%,Percentuale di suolo consumato all'interno di una fascia tra 1000 e 10000 metri dalla linea di costa sulla superficie della fascia [%],Consumed land in 1000-10000 meters from shoreline in %,CCOSTE10,%,Percentage,Percentuale,CCOSTE,Consumo di suolo in fascia costiera,land consumption in coastal areas
45,CCOSTE11,Consumato_oltre_10000m_costa_[%],Consumed_land_out_of_10000m_from_shoreline_in_%,Percentuale di suolo consumato oltre 10000 metri dalla linea di costa sulla superficie della fascia [%],Consumed land out of 10000 meters from shoreline in %,CCOSTE11,%,Percentage,Percentuale,CCOSTE,Consumo di suolo in fascia costiera,land consumption in coastal areas
46,CSISMI1,Consumato_in_aree_pericolosità_sismica_alta_[ha],Consumed_land_in_high_seismic_hazard_zones,Superficie di suolo consumato in aree a pericolosità sismica alta [ha],Consumed land in high seismic hazard zones in hectares,CSISMI1,ha,Hectare,Ettaro,CSISMI,Consumo di suolo nelle aree a pericolosità sismica,land consumption in seismic hazard
47,CSISMI2,Consumato_in_aree_pericolosità_sismica_molto_alta_[ha],Consumed_land_in_very_high_seismic_hazard_zones,Superficie di suolo consumato in aree a pericolosità sismica molto alta [ha],Consumed land in very high seismic hazard zones in hectares,CSISMI2,ha,Hectare,Ettaro,CSISMI,Consumo di suolo nelle aree a pericolosità sismica,land consumption in seismic hazard
48,CSISMI3,Non consumato_in_aree_pericolosità_sismica_alta_[ha],Not_consumed_land_in_high_seismic_hazard_zones,Superficie di suolo non consumato in aree a pericolosità sismica alta [ha],Not consumed land in high seismic hazard zones in hectares,CSISMI3,ha,Hectare,Ettaro,CSISMI,Consumo di suolo nelle aree a pericolosità sismica,land consumption in seismic hazard
49,CSISMI4,Non consumato_in_aree_pericolosità_sismica_molto_alta_[ha],Not_consumed_land_in_very_high_seismic_hazard_zone,Superficie di suolo non consumato in aree a pericolosità sismica molto alta [ha],Not consumed land in very high seismic hazard zones in hectares,CSISMI4,ha,Hectare,Ettaro,CSISMI,Consumo di suolo nelle aree a pericolosità sismica,land consumption in seismic hazard
50,CSISMI5,Consumato_in_aree_pericolosità_sismica_alta_[%],Consumed_land_in_high_seismic_hazard_zones_in_%,Superficie di suolo consumato in aree a pericolosità sismica alta [%],Consumed land in high seismic hazard zones in %,CSISMI5,%,Percentage,Percentuale,CSISMI,Consumo di suolo nelle aree a pericolosità sismica,land consumption in seismic hazard
51,CSISMI6,Consumato_in_aree_pericolosità_sismica_molto_alta_[%],Consumed_land_in_very_high_seismic_hazard_zones_in_%,Superficie di suolo consumato in aree a pericolosità sismica molto alta [%],Consumed land in very high seismic hazard zones in %,CSISMI6,%,Percentage,Percentuale,CSISMI,Consumo di suolo nelle aree a pericolosità sismica,land consumption in seismic hazard
52,DISECO1,Superficie_alterata_dal_consumo_di_suolo_60m_[ha],Surface_in_a_60m_buffer_of_consumed_land_area,Superficie impattata dalla presenza di coperture artificiali considerando una distanza (buffer) di 60 metri [ha],Surface in a 60m buffer of consumed land area in hectares,DISECO1,ha,Hectare,Ettaro,DISECO,Consumo di suolo effettivo e disturbo ecologico,Effective land consumption and ecological interference
53,DISECO2,Superficie_non_alterata_dal_consumo_di_suolo_60m_[ha],Surface_not_in_a_60m_buffer_of_consumed_land_area,Superficie non impattata dalla presenza di coperture artificiali considerando una distanza (buffer) di 60 metri [ha],Surface not in a 60m buffer of consumed land area in hectares,DISECO2,ha,Hectare,Ettaro,DISECO,Consumo di suolo effettivo e disturbo ecologico,Effective land consumption and ecological interference
54,DISECO3,Superficie_alterata_dal_consumo_di_suolo_60m_[%],Surface_in_a_60m_buffer_of_consumed_land_area_in_%,Superficie impattata dalla presenza di coperture artificiali considerando una distanza (buffer) di 60 metri [%],Surface in a 60m buffer of consumed land area in %,DISECO3,%,Percentage,Percentuale,DISECO,Consumo di suolo effettivo e disturbo ecologico,Effective land consumption and ecological interference
55,DISECO4,Superficie_alterata_dal_consumo_di_suolo_100m_[ha],Surface_in_a_100m_buffer_of_consumed_land_area,Superficie impattata dalla presenza di coperture artificiali considerando una distanza (buffer) di 100 metri [ha],Surface in a 100m buffer of consumed land area in hectares,DISECO4,ha,Hectare,Ettaro,DISECO,Consumo di suolo effettivo e disturbo ecologico,Effective land consumption and ecological interference
56,DISECO5,Superficie_non_alterata_dal_consumo_di_suolo_100m_[ha],Surface_not_in_a_100m_buffer_of_consumed_land_area,Superficie non impattata dalla presenza di coperture artificiali considerando una distanza (buffer) di 100 metri [ha],Surface not in a 100m buffer of consumed land area in hectares,DISECO5,ha,Hectare,Ettaro,DISECO,Consumo di suolo effettivo e disturbo ecologico,Effective land consumption and ecological interference
57,DISECO6,Superficie_alterata_dal_consumo_di_suolo_100m_[%],Surface_in_a_100m_buffer_of_consumed_land_area_in_%,Superficie impattata dalla presenza di coperture artificiali considerando una distanza (buffer) di 100 metri [%],Surface in a 100m buffer of consumed land area in %,DISECO6,%,Percentage,Percentuale,DISECO,Consumo di suolo effettivo e disturbo ecologico,Effective land consumption and ecological interference
58,DISECO7,Superficie_alterata_dal_consumo_di_suolo_200m_[ha],Surface_in_a_200m_buffer_of_consumed_land_area,Superficie impattata dalla presenza di coperture artificiali considerando una distanza (buffer) di 200 metri [ha],Surface in a 200m buffer of consumed land area in hectares,DISECO7,ha,Hectare,Ettaro,DISECO,Consumo di suolo effettivo e disturbo ecologico,Effective land consumption and ecological interference
59,DISECO8,Superficie_non_alterata_dal_consumo_di_suolo_200m_[ha],Surface_not_in_a_200m_buffer_of_consumed_land_area,Superficie non impattata dalla presenza di coperture artificiali considerando una distanza (buffer) di 200 metri [ha],Surface not in a 200m buffer of consumed land area in hectares,DISECO8,ha,Hectare,Ettaro,DISECO,Consumo di suolo effettivo e disturbo ecologico,Effective land consumption and ecological interference
60,DISECO9,Superficie_alterata_dal_consumo_di_suolo_200m_[%],Surface_in_a_200m_buffer_of_consumed_land_area_in_%,Superficie impattata dalla presenza di coperture artificiali considerando una distanza (buffer) di 200 metri [%],Surface in a 200m buffer of consumed land area in %,DISECO9,%,Percentage,Percentuale,DISECO,Consumo di suolo effettivo e disturbo ecologico,Effective land consumption and ecological interference
61,DISECO10,Sup_corpi_idrici[ha],Surface_of_Permanent_Water_Bodies,Superficie corpi idrici permanenti da Carta di copertura del suolo ISPRA 2018 da integrazione di dati Copernicus Land Monitoring Service e carta nazionale del consumo di suolo [ha],Surface of Permanent Water Bodies,DISECO10,ha,Hectare,Ettaro,DISECO,Consumo di suolo effettivo e disturbo ecologico,Effective land consumption and ecological interference
62,DISECO11,Perc_consumato_netto_corpi_idrici[%],Consumed_land_in_excluding_surface_of_Permanent_Water_in_%,Percentuale di suolo consumato escludendo dal calcolo la superficie corpi idrici permanenti [%],Consumed land in excluding surface of Permanent Water Bodies in %,DISECO11,%,Percentage,Percentuale,DISECO,Consumo di suolo effettivo e disturbo ecologico,Effective land consumption and ecological interference
63,PFRANE1,Consumato_in_aree_pericolosità_frane_1_[ha],Consumed_land_in_landslide_hazard_zones_(P1),"Superficie di suolo consumato in aree a pericolosità da frana moderata (P1) dei Piani di Assetto Idrogeologico (PAI), di cui l’ISPRA ha effettuato un’armonizzazione delle legende [ha]",Consumed land in landslide hazard zones (P1) in hectares,PFRANE1,ha,Hectare,Ettaro,PFRANE,Consumo di suolo nelle aree a pericolosità frane,land consumption in landslide hazard zones
64,PFRANE2,Consumato_in_aree_pericolosità_frane_2_[ha],Consumed_land_in_landslide_hazard_zones_(P2),"Superficie di suolo consumato in aree a pericolosità da frana media (P2) dei Piani di Assetto Idrogeologico (PAI), di cui l’ISPRA ha effettuato un’armonizzazione delle legende [ha]",Consumed land in landslide hazard zones (P2) in hectares,PFRANE2,ha,Hectare,Ettaro,PFRANE,Consumo di suolo nelle aree a pericolosità frane,land consumption in landslide hazard zones
65,PFRANE3,Consumato_in_aree_pericolosità_frane_3_[ha],Consumed_land_in_landslide_hazard_zones_(P3),"Superficie di suolo consumato in aree a pericolosità da frana elevata (P3) dei Piani di Assetto Idrogeologico (PAI), di cui l’ISPRA ha effettuato un’armonizzazione delle legende [ha]",Consumed land in landslide hazard zones (P3) in hectares,PFRANE3,ha,Hectare,Ettaro,PFRANE,Consumo di suolo nelle aree a pericolosità frane,land consumption in landslide hazard zones
66,PFRANE4,Consumato_in_aree_pericolosità_frane_4_[ha],Consumed_land_in_landslide_hazard_zones_(P4),"Superficie di suolo consumato in aree a pericolosità da frana molto elevata (P4) dei Piani di Assetto Idrogeologico (PAI), di cui l’ISPRA ha effettuato un’armonizzazione delle legende [ha]",Consumed land in landslide hazard zones (P4) in hectares,PFRANE4,ha,Hectare,Ettaro,PFRANE,Consumo di suolo nelle aree a pericolosità frane,land consumption in landslide hazard zones
67,PFRANE5,Consumato_in_aree_pericolosità_frane_5_[ha],Consumed_land_in_landslide_hazard_zones_(P5),"Superficie di suolo consumato in aree di attenzione AA (P5) dei Piani di Assetto Idrogeologico (PAI), di cui l’ISPRA ha effettuato un’armonizzazione delle legende [ha]",Consumed land in landslide hazard zones (P5) in hectares,PFRANE5,ha,Hectare,Ettaro,PFRANE,Consumo di suolo nelle aree a pericolosità frane,land consumption in landslide hazard zones
68,PFRANE6,Non consumato_in_aree_pericolosità_frane_1_[ha],Not_consumed_land_in_landslide_hazard_zones_(P1),"Superficie di suolo non consumato in aree a pericolosità da frana moderata (P1) dei Piani di Assetto Idrogeologico (PAI), di cui l’ISPRA ha effettuato un’armonizzazione delle legende [ha]",Not consumed land in landslide hazard zones (P1) in hectares,PFRANE6,ha,Hectare,Ettaro,PFRANE,Consumo di suolo nelle aree a pericolosità frane,land consumption in landslide hazard zones
69,PFRANE7,Non consumato_in_aree_pericolosità_frane_2_[ha],Not_consumed_land_in_landslide_hazard_zones_(P2),"Superficie di suolo non consumato in aree a pericolosità da frana media (P2) dei Piani di Assetto Idrogeologico (PAI), di cui l’ISPRA ha effettuato un’armonizzazione delle legende [ha]",Not consumed land in landslide hazard zones (P2) in hectares,PFRANE7,ha,Hectare,Ettaro,PFRANE,Consumo di suolo nelle aree a pericolosità frane,land consumption in landslide hazard zones
70,PFRANE8,Non consumato_in_aree_pericolosità_frane_3_[ha],Not_consumed_land_in_landslide_hazard_zones_(P3),"Superficie di suolo non consumato in aree a pericolosità da frana elevata (P3) dei Piani di Assetto Idrogeologico (PAI), di cui l’ISPRA ha effettuato un’armonizzazione delle legende [ha]",Not consumed land in landslide hazard zones (P3) in hectares,PFRANE8,ha,Hectare,Ettaro,PFRANE,Consumo di suolo nelle aree a pericolosità frane,land consumption in landslide hazard zones
71,PFRANE9,Non consumato_in_aree_pericolosità_frane_4_[ha],Not_consumed_land_in_landslide_hazard_zones_(P4),"Superficie di suolo non consumato in aree a pericolosità da frana molto elevata (P4) dei Piani di Assetto Idrogeologico (PAI), di cui l’ISPRA ha effettuato un’armonizzazione delle legende [ha]",Not consumed land in landslide hazard zones (P4) in hectares,PFRANE9,ha,Hectare,Ettaro,PFRANE,Consumo di suolo nelle aree a pericolosità frane,land consumption in landslide hazard zones
72,PFRANE10,Non consumato_in_aree_pericolosità_frane_5_[ha],Not_consumed_land_in_landslide_hazard_zones_(P5),"Superficie di suolo non consumato in aree di attenzione AA (P5) dei Piani di Assetto Idrogeologico (PAI), di cui l’ISPRA ha effettuato un’armonizzazione delle legende [ha]",Not consumed land in landslide hazard zones (P5) in hectares,PFRANE10,ha,Hectare,Ettaro,PFRANE,Consumo di suolo nelle aree a pericolosità frane,land consumption in landslide hazard zones
73,PFRANE11,Consumato_in_aree_pericolosità_frane_1_[%],Consumed_land_in_landslide_hazard_zones_(P1)_in_%,"Superficie di suolo consumato in aree a pericolosità da frana moderata (P1) dei Piani di Assetto Idrogeologico (PAI), di cui l’ISPRA ha effettuato un’armonizzazione delle legende [%]",Consumed land in landslide hazard zones (P1) in %,PFRANE11,%,Percentage,Percentuale,PFRANE,Consumo di suolo nelle aree a pericolosità frane,land consumption in landslide hazard zones
74,PFRANE12,Consumato_in_aree_pericolosità_frane_2_[%],Consumed_land_in_landslide_hazard_zones_(P2)_in_%,"Superficie di suolo consumato in aree a pericolosità da frana media (P2) dei Piani di Assetto Idrogeologico (PAI), di cui l’ISPRA ha effettuato un’armonizzazione delle legende [%]",Consumed land in landslide hazard zones (P2) in %,PFRANE12,%,Percentage,Percentuale,PFRANE,Consumo di suolo nelle aree a pericolosità frane,land consumption in landslide hazard zones
75,PFRANE13,Consumato_in_aree_pericolosità_frane_3_[%],Consumed_land_in_landslide_hazard_zones_(P3)_in_%,"Superficie di suolo consumato in aree a pericolosità da frana elevata (P3) dei Piani di Assetto Idrogeologico (PAI), di cui l’ISPRA ha effettuato un’armonizzazione delle legende [%]",Consumed land in landslide hazard zones (P3) in %,PFRANE13,%,Percentage,Percentuale,PFRANE,Consumo di suolo nelle aree a pericolosità frane,land consumption in landslide hazard zones
76,PFRANE14,Consumato_in_aree_pericolosità_frane_4_[%],Consumed_land_in_landslide_hazard_zones_(P4)_in_%,"Superficie di suolo consumato in aree a pericolosità da frana molto elevata (P4) dei Piani di Assetto Idrogeologico (PAI), di cui l’ISPRA ha effettuato un’armonizzazione delle legende [%]",Consumed land in landslide hazard zones (P4) in %,PFRANE14,%,Percentage,Percentuale,PFRANE,Consumo di suolo nelle aree a pericolosità frane,land consumption in landslide hazard zones
77,PFRANE15,Consumato_in_aree_pericolosità_frane_5_[%],Consumed_land_in_landslide_hazard_zones_(P5)_in_%,"Superficie di suolo consumato in aree di attenzione AA (P5) dei Piani di Assetto Idrogeologico (PAI), di cui l’ISPRA ha effettuato un’armonizzazione delle legende [%]",Consumed land in landslide hazard zones (P5) in %,PFRANE15,%,Percentage,Percentuale,PFRANE,Consumo di suolo nelle aree a pericolosità frane,land consumption in landslide hazard zones
78,PIDRAU1,Consumato_in_aree_pericolosità_idraulica_1_[ha],Consumed_land_in_flood_hazard_zones_(P1),"Superficie di suolo consumato in aree a pericolosità idraulica bassa (P1) redatte dalle Autorità di Bacino, Regioni e Province Autonome ai sensi del D.lgs. 49/2010 (recepimento della Direttiva Alluvioni 2007/60/CE) [ha]",Consumed land in flood hazard zones (P1) in hectares,PIDRAU1,ha,Hectare,Ettaro,PIDRAU,Consumo di suolo nelle aree a pericolosità idraulica,land consumption in flood hazard zones
79,PIDRAU2,Non consumato_in_aree_pericolosità_idraulica_1_[ha,Not_consumed_land_in_flood_hazard_zones_(P1),"Superficie di suolo non consumato in aree a pericolosità idraulica bassa (P1) redatte dalle Autorità di Bacino, Regioni e Province Autonome ai sensi del D.lgs. 49/2010 (recepimento della Direttiva Alluvioni 2007/60/CE) [ha]",Not consumed land in flood hazard zones (P1) in hectares,PIDRAU2,ha,Hectare,Ettaro,PIDRAU,Consumo di suolo nelle aree a pericolosità idraulica,land consumption in flood hazard zones
80,PIDRAU3,Consumato_in_aree_pericolosità_idraulica_1_[%],Consumed_land_in_flood_hazard_zones_(P1)_in_%,"Percentuale di suolo consumato in aree a pericolosità idraulica bassa (P1) redatte dalle Autorità di Bacino, Regioni e Province Autonome ai sensi del D.lgs. 49/2010 (recepimento della Direttiva Alluvioni 2007/60/CE) [%]",Consumed land in flood hazard zones (P1) in %,PIDRAU3,%,Percentage,Percentuale,PIDRAU,Consumo di suolo nelle aree a pericolosità idraulica,land consumption in flood hazard zones
81,PIDRAU4,Consumato_in_aree_pericolosità_idraulica_2_[ha],Consumed_land_in_flood_hazard_zones_(P2),"Superficie di suolo consumato in aree a pericolosità idraulica media (P2) redatte dalle Autorità di Bacino, Regioni e Province Autonome ai sensi del D.lgs. 49/2010 (recepimento della Direttiva Alluvioni 2007/60/CE) [ha]",Consumed land in flood hazard zones (P2) in hectares,PIDRAU4,ha,Hectare,Ettaro,PIDRAU,Consumo di suolo nelle aree a pericolosità idraulica,land consumption in flood hazard zones
82,PIDRAU5,Non consumato_in_aree_pericolosità_idraulica_2_[ha],Not_consumed_land_in_flood_hazard_zones_(P2),"Superficie di suolo non consumato in aree a pericolosità idraulica media (P2) con tempi di ritorno fra 100 e 200 anni (alluvioni poco frequenti) redatte dalle Autorità di Bacino, Regioni e Province Autonome ai sensi del D.lgs. 49/2010 (recepimento della D",Not consumed land in flood hazard zones (P2) in hectares,PIDRAU5,ha,Hectare,Ettaro,PIDRAU,Consumo di suolo nelle aree a pericolosità idraulica,land consumption in flood hazard zones
83,PIDRAU6,Consumato_in_aree_pericolosità_idraulica_2_[%],Consumed_land_in_flood_hazard_zones_(P2)_in_%,"Percentuale di suolo consumato in aree a pericolosità idraulica media (P2) con tempi di ritorno fra 100 e 200 anni (alluvioni poco frequenti) redatte dalle Autorità di Bacino, Regioni e Province Autonome ai sensi del D.lgs. 49/2010 (recepimento della Dire",Consumed land in flood hazard zones (P2) in %,PIDRAU6,%,Percentage,Percentuale,PIDRAU,Consumo di suolo nelle aree a pericolosità idraulica,land consumption in flood hazard zones
84,PIDRAU7,Consumato_in_aree_pericolosità_idraulica_3_[ha],Consumed_land_in_flood_hazard_zones_(P3),"Superficie di suolo consumato in aree a pericolosità idraulica alta (P3) con tempi di ritorno fra 20 e 50 anni (alluvioni frequenti) redatte dalle Autorità di Bacino, Regioni e Province Autonome ai sensi del D.lgs. 49/2010 (recepimento della Direttiva All",Consumed land in flood hazard zones (P3) in hectares,PIDRAU7,ha,Hectare,Ettaro,PIDRAU,Consumo di suolo nelle aree a pericolosità idraulica,land consumption in flood hazard zones
85,PIDRAU8,Non consumato_in_aree_pericolosità_idraulica_3_[ha],Not_consumed_land_in_flood_hazard_zones_(P3),"Superficie di suolo non consumato in aree a pericolosità idraulica alta (P3) con tempi di ritorno fra 20 e 50 anni (alluvioni frequenti) redatte dalle Autorità di Bacino, Regioni e Province Autonome ai sensi del D.lgs. 49/2010 (recepimento della Direttiva",Not consumed land in flood hazard zones (P3) in hectares,PIDRAU8,ha,Hectare,Ettaro,PIDRAU,Consumo di suolo nelle aree a pericolosità idraulica,land consumption in flood hazard zones
86,PIDRAU9,Consumato_in_aree_pericolosità_idraulica_3_[%],Consumed_land_in_flood_hazard_zones_(P3)_in_%,"Percentuale di suolo consumato in aree a pericolosità idraulica alta (P3) con tempi di ritorno fra 20 e 50 anni (alluvioni frequenti) redatte dalle Autorità di Bacino, Regioni e Province Autonome ai sensi del D.lgs. 49/2010 (recepimento della Direttiva Al",Consumed land in flood hazard zones (P3) in %,PIDRAU9,%,Percentage,Percentuale,PIDRAU,Consumo di suolo nelle aree a pericolosità idraulica,land consumption in flood hazard zones
87,CLAMMI1,CLASSE_COMUNI,Classification_of_municipalities_centrality_by__Di,"Classificazione dei comuni proposta dal Dipartimento per lo Sviluppo e la Coesione Economica secondo livelli di perifericità, ovvero di distanza dai centri dotati di infrastrutture in grado di offrire servizi al cittadino.",Classification of municipalities centrality by  Dipartimento per lo Sviluppo e la Coesione Economica,CLAMMI1,Nominal,Nominal,Nominale,CLAMMI,Descrizione/classificazione ambito amministrativo,Description/classification of administrative unit
88,CLAMMI2,Zona_altimetrica,Classification_of_municipalities_elevation_by_ISTA,Classificazione per fasce altimetriche ISTAT.,Classification of municipalities elevation by ISTAT,CLAMMI2,Nominal,Nominal,Nominale,CLAMMI,Descrizione/classificazione ambito amministrativo,Description/classification of administrative unit
89,CLAMMI3,TA,TA,Area Totale (somma delle aree dei pixel) del limite amministrativo considerato [ha].,Total administrative area in hectares,CLAMMI3,ha,Hectare,Ettaro,CLAMMI,Descrizione/classificazione ambito amministrativo,Description/classification of administrative unit
90,CLAMMI4,POP_,POP_,Popolazione residente all'anno di riferimento da rilevamento intercensuario ISTAT .,Population (ISTAT),CLAMMI4,Number,Number,Numero,CLAMMI,Descrizione/classificazione ambito amministrativo,Description/classification of administrative unit
91,FORMET1,LCPI,LCPI,Largest Class Patch Index: percentuale occupata dalla patch di dimensione più grande rispetto alla superficie totale consumata [%].,Largest Class Patch Index in %,FORMET1,%,Percentage,Percentuale,FORMET,Forme di urbanizzazione e tipologia insediativa/sprawl urbano,Urban settlement form and urban sprawl
92,FORMET2,Edclass,Edclass,"Edge Density, densità dei margini urbani: lunghezza totale dei margini delle classe consumata sulla somma totale della superficie della stessa classe [m/ha].",Edge density [m/ha],FORMET2,m/ha,Metres per hectare,Metri per ettaro,FORMET,Forme di urbanizzazione e tipologia insediativa/sprawl urbano,Urban settlement form and urban sprawl
93,FORMET3,RMPS,RMPS,"Residual Mean Patch Size: dimensione media dei poligoni di suolo consumato, con l'esclusione della patch di dimensione maggiore [ha].",Residual Mean Patch Size in hectares,FORMET3,ha,Hectare,Ettaro,FORMET,Forme di urbanizzazione e tipologia insediativa/sprawl urbano,Urban settlement form and urban sprawl
94,FORMET4,DENSITA,DENSITY,"Abitanti per ettaro, rispetto all'Area Totale (TA) [ab/ha].",Population density [ab/ha],FORMET4,ab/ha,Inhabitants per Hectar,Abitanti per ettaro,FORMET,Forme di urbanizzazione e tipologia insediativa/sprawl urbano,Urban settlement form and urban sprawl
95,FORMET5,Indice_dispersione,Dispersion_index,Rapporto tra aree ad alta densità di urbanizzazione e aree ad alta e bassa densità [%].,Ratio of low density urban area on urban area in %,FORMET5,%,Percentage,Percentuale,FORMET,Forme di urbanizzazione e tipologia insediativa/sprawl urbano,Urban settlement form and urban sprawl
96,SDGIND3,Rapporto_suolo_consumato_popolazione,Ratio_consumed_land_population_2012_2018,Rapporto tra il tasso di variazione del suolo consumato (km2) e il tasso di variazione della popolazione rispetto all'anno precedente,Ratio_of_land_consumption_rate_to_population_growth_rate from 2012 to 2018,SDGIND3,%,Percentage,Percentuale,SDG,Neutralità degrado del suolo,Land degradation neutrality
97,ISCALO1,Isola_di_calore_urbana,Urban_Heat_Island,Differenza della temperatura media diurna estiva al suolo (LST) in °C dei mesi estivi 2017 - 2022 tra aree urbane/suburbane rsipetto alle aree rurali. Viene considerata la densità di superfici artificiali al 2022 in un raggio di 300 m,Average diurnal summer Land Surface Temperature (LST) difference in °C of summer months 2017 - 2022 between urban/suburban areas compared to rural areas. Artificial surface density at 2022 within a radius of 300 m is considered.,ISCAL1,°C,Celsius degree,Gradi Centigradi,ISCAL,Isola di calore urbana,Urban Heat Island
98,VINPAE1,Consumato_in_aree_tutelate,Consumed_in_protected_area,"Suolo consumato all'interno delle aree sottoposte a tutela paessaggistica ai sensi del D.Lgs. 42/2004 (art. 136, art. 142 c.1 a, b, c, d, l)","land consumption in protected areas in accordance with D.Lgs. 42/2004 (art. 136, art. 142 c.1 a, b, c, d, l)",VINPAE1,ha,Hectare,Ettaro,VINPAE,Beni paesaggistici,Landscape assets
99,VINPAE2,Non_consumato_in_aree_tutelate,Not_consumed_in_protected_area,"Suolo non consumato all'interno delle aree sottoposte a tutela paessaggistica ai sensi del D.Lgs. 42/2004 (art. 136, art. 142 c.1 a, b, c, d, l)","land not consumed in protected areas ex D.Lgs. 42/2004 (art. 136, art. 142 c.1 a, b, c, d, l)",VINPAE2,ha,Hectare,Ettaro,VINPAE,Beni paesaggistici,Landscape assets
100,CS_PROC,Suolo_consumato_pro_capite_[m2/ab],Per_capita_consumed_[m2/ab],Rapporto tra il suolo consumato e gli abitanti di una superficie amministrativa [m2/ab],The ratio between land consumption and the population in the administrative area [m2/ab],CS_PROC,[m2/ab],Square meters per Inhabitant,Metri quadri per persona,CS_PROC,Consumo di suolo pro capite,Per capita land consumption
101,INC_PROC,Incremento_consumato_pro_capite_[m2/ab],Per_capita_consumed_increase_[m2/ab],Rapporto tra l'incremento di suolo consumato rispetto al periodo precedente e gli abitanti di una superficie amministrativa [m2/ab],The ratio between land consumption increase and the population in the administrative area [m2/ab],INC_PROC,[m2/ab],Square meters per Inhabitant,Metri quadri per persona,INC_PROC,Incremento di suolo  consumato pro capite,Per capita land consumption increase
102,INC_L_PROC,Incremento_consumato_lordo_pro_capite_[m2/ab],Per_capita_gross_consumed_increase_[m2/ab],Rapporto tra l'incremento lordo di suolo consumato rispetto al periodo precedente e gli abitanti di una superficie amministrativa [m2/ab],The ratio between gross land consumption increase and the population in the administrative area [m2/ab],INC_L_PROC,[m2/ab],Square meters per Inhabitant,Metri quadri per persona,INC_L_PROC,Incremento di suolo consumato lordo pro capite,Per capitagross land consumption increase
